[
{
"name" : "main",
"kind" : "module",
"file" : "Debug\\main.d",
"members" : [
{
"name" : "main",
"kind" : "function",
"type" : "void()",
"line" : 39}
]
}
,
{
"name" : "task",
"kind" : "module",
"file" : "Debug\\task.d",
"members" : [
{
"name" : "Task",
"kind" : "class",
"line" : 11,
"base" : "Object",
"members" : [
{
"name" : "_id",
"kind" : "variable",
"type" : "int",
"line" : 13}
,
{
"name" : "_taskString",
"kind" : "variable",
"type" : "string",
"line" : 14}
,
{
"name" : "_timeDate",
"kind" : "variable",
"type" : "long",
"line" : 15}
,
{
"name" : "_dateAndtime",
"kind" : "variable",
"type" : "string",
"line" : 16}
,
{
"name" : "_date",
"kind" : "variable",
"type" : "Date",
"line" : 17}
,
{
"name" : "_comment",
"kind" : "variable",
"type" : "string",
"line" : 18}
,
{
"name" : "this",
"kind" : "constructor",
"type" : "Task(int id, string taskString)",
"line" : 20}
,
{
"name" : "this",
"kind" : "constructor",
"type" : "Task(int id, string taskString, long timeDate)",
"line" : 24}
,
{
"name" : "viewInfo",
"kind" : "function",
"type" : "void(int indexNumber, TaskType taskType = cast(TaskType)0)",
"line" : 45}
,
{
"name" : "id",
"kind" : "function",
"type" : "int()",
"line" : 61}
,
{
"name" : "taskString",
"kind" : "function",
"type" : "string()",
"line" : 63}
,
{
"name" : "timeDate",
"kind" : "function",
"type" : "long()",
"line" : 65}
]
}
]
}
,
{
"name" : "taskman",
"kind" : "module",
"file" : "Debug\\taskman.d",
"members" : [
{
"name" : "TaskMan",
"kind" : "struct",
"line" : 15,
"members" : [
{
"name" : "_possibleTasks",
"kind" : "variable",
"type" : "Task[]",
"line" : 17}
,
{
"name" : "_doneTasks",
"kind" : "variable",
"type" : "Task[]",
"line" : 18}
,
{
"name" : "addPossible",
"kind" : "function",
"type" : "void(Task possibleTask)",
"line" : 20}
,
{
"name" : "opOpAssign(string op)",
"kind" : "template",
"line" : 24,
"members" : [
{
"name" : "opOpAssign",
"kind" : "function",
"type" : "void(Task doneTask)",
"line" : 24}
]
}
,
{
"name" : "getPossibleTask",
"kind" : "function",
"type" : "Task(int index)",
"line" : 30}
,
{
"name" : "viewLast",
"kind" : "function",
"type" : "void()",
"line" : 34}
,
{
"name" : "viewPossibleTasks",
"kind" : "function",
"type" : "void()",
"line" : 38}
,
{
"name" : "viewDoneTasks",
"kind" : "function",
"type" : "void(TaskType taskType)",
"line" : 41}
,
{
"name" : "view",
"kind" : "function",
"type" : "void(Task[] tasks, TaskType taskType = cast(TaskType)0)",
"line" : 44}
,
{
"name" : "clearDoneTasks",
"kind" : "function",
"type" : "void()",
"line" : 52}
,
{
"name" : "saveDoneTasks",
"kind" : "function",
"type" : "void(string filename)",
"line" : 57}
,
{
"name" : "loadDoneTasks",
"kind" : "function",
"type" : "void(string filename)",
"line" : 99}
]
}
]
}
,
{
"name" : "control",
"kind" : "module",
"file" : "Debug\\control.d",
"members" : [
{
"name" : "Control",
"kind" : "struct",
"line" : 16,
"members" : [
{
"name" : "_taskMan",
"kind" : "variable",
"type" : "TaskMan",
"line" : 18}
,
{
"name" : "run",
"kind" : "function",
"type" : "void(TaskMan taskMan)",
"line" : 20}
]
}
]
}
,
{
"name" : "base",
"kind" : "module",
"file" : "Debug\\base.d",
"members" : [
{
"name" : "TaskType",
"kind" : "enum",
"line" : 9,
"base" : "int",
"members" : [
{
"name" : "possibles",
"kind" : "enum member",
"line" : 9}
,
{
"name" : "done",
"kind" : "enum member",
"line" : 10}
]
}
]
}
]
